#;Name;Type 1;Type 2;HP base;Attack base;Defense base;Sp. Atk base;Sp. Def base;Speed base;Generation;Legendary;Puissance tot.;HP Go;Attack Go;Defense Go;CP
1;Bulbasaur;Grass;Poison;45;49;49;65;65;45;1;False;318;128;118;110;39
2;Ivysaur;Grass;Poison;60;62;63;80;80;60;1;False;405;155;150;142;52
3;Venusaur;Grass;Poison;80;82;83;100;100;80;1;False;525;190;197;189;71
3;VenusaurMega Venusaur;Grass;Poison;80;100;123;122;120;80;1;False;625;190;240;246;84
4;Charmander;Fire;;39;52;43;60;50;65;1;False;309;118;115;92;36
5;Charmeleon;Fire;;58;64;58;80;65;80;1;False;405;151;157;125;51
6;Charizard;Fire;Flying;78;84;78;109;85;100;1;False;534;186;222;172;73
6;CharizardMega Charizard X;Fire;Dragon;78;130;111;130;85;100;1;False;634;186;273;212;85
6;CharizardMega Charizard Y;Fire;Flying;78;104;78;159;115;100;1;False;634;186;319;212;92
7;Squirtle;Water;;44;48;65;50;64;43;1;False;314;127;93;120;35
8;Wartortle;Water;;59;63;80;65;80;58;1;False;405;153;125;154;48
9;Blastoise;Water;;79;83;100;85;105;78;1;False;530;188;170;207;67
9;BlastoiseMega Blastoise;Water;;79;103;120;135;115;78;1;False;630;188;263;237;87
10;Caterpie;Bug;;45;30;35;20;20;45;1;False;195;128;54;55;22
11;Metapod;Bug;;50;20;55;25;25;30;1;False;205;137;44;79;23
12;Butterfree;Bug;Flying;60;45;50;90;80;70;1;False;395;155;167;136;54
13;Weedle;Bug;Poison;40;35;30;20;20;50;1;False;195;120;62;49;22
14;Kakuna;Bug;Poison;45;25;50;25;25;35;1;False;205;128;46;74;22
15;Beedrill;Bug;Poison;65;90;40;45;80;75;1;False;395;163;168;130;55
15;BeedrillMega Beedrill;Bug;Poison;65;150;40;15;80;145;1;False;495;163;303;148;77
16;Pidgey;Normal;Flying;40;45;40;35;35;56;1;False;251;120;84;73;29
17;Pidgeotto;Normal;Flying;63;60;55;50;50;71;1;False;349;160;116;105;43
18;Pidgeot;Normal;Flying;83;80;75;70;70;101;1;False;479;195;165;153;63
18;PidgeotMega Pidgeot;Normal;Flying;83;80;80;135;80;121;1;False;579;195;279;174;84
19;Rattata;Normal;;30;56;35;25;35;72;1;False;253;102;103;69;29
20;Raticate;Normal;;55;81;60;50;70;97;1;False;413;146;161;138;52
21;Spearow;Normal;Flying;40;60;30;31;31;70;1;False;262;120;111;60;32
22;Fearow;Normal;Flying;65;90;65;61;61;100;1;False;442;163;181;133;58
23;Ekans;Poison;;35;60;44;40;54;55;1;False;288;111;110;96;34
24;Arbok;Poison;;60;85;69;65;79;80;1;False;438;155;166;152;56
25;Pikachu;Electric;;35;55;40;50;50;90;1;False;320;111;112;95;34
26;Raichu;Electric;;60;90;55;90;80;110;1;False;485;155;192;151;60
27;Sandshrew;Ground;;50;75;85;20;30;40;1;False;300;137;126;119;43
28;Sandslash;Ground;;75;100;110;45;55;65;1;False;450;181;182;175;66
29;Nidoran♀;Poison;;55;47;52;40;40;41;1;False;275;146;85;88;34
30;Nidorina;Poison;;70;62;67;55;55;56;1;False;365;172;117;120;46
31;Nidoqueen;Poison;Ground;90;92;87;75;85;76;1;False;505;207;180;172;69
32;Nidoran♂;Poison;;46;57;40;40;40;50;1;False;273;130;104;76;34
33;Nidorino;Poison;;61;72;57;55;55;65;1;False;365;156;136;110;47
34;Nidoking;Poison;Ground;81;102;77;85;75;85;1;False;505;191;203;155;69
35;Clefairy;Fairy;;70;45;48;60;65;35;1;False;323;172;106;107;43
36;Clefable;Fairy;;95;70;73;95;90;60;1;False;483;216;178;162;69
37;Vulpix;Fire;;38;41;40;50;65;65;1;False;299;116;95;109;33
38;Ninetales;Fire;;73;76;75;81;100;100;1;False;505;177;168;190;64
39;Jigglypuff;Normal;Fairy;115;45;20;45;25;20;1;False;270;251;80;41;35
40;Wigglytuff;Normal;Fairy;140;70;45;85;50;45;1;False;435;295;156;90;66
41;Zubat;Poison;Flying;40;45;35;30;40;55;1;False;245;120;82;73;28
42;Golbat;Poison;Flying;75;80;70;65;75;90;1;False;455;181;160;150;59
43;Oddish;Grass;Poison;45;50;55;75;65;30;1;False;320;128;130;111;41
44;Gloom;Grass;Poison;60;65;70;85;75;40;1;False;395;155;153;136;52
45;Vileplume;Grass;Poison;75;80;85;110;90;50;1;False;490;181;201;167;68
46;Paras;Bug;Grass;35;70;55;45;55;25;1;False;285;111;120;99;36
47;Parasect;Bug;Grass;60;95;80;60;80;30;1;False;405;155;164;145;55
48;Venonat;Bug;Poison;60;55;50;40;55;45;1;False;305;155;99;99;39
49;Venomoth;Bug;Poison;70;65;60;90;75;90;1;False;450;172;178;142;60
50;Diglett;Ground;;10;55;25;35;45;95;1;False;265;67;109;78;25
51;Dugtrio;Ground;;35;80;50;50;70;120;1;False;405;111;166;136;46
52;Meowth;Normal;;40;45;35;40;40;90;1;False;290;120;91;78;31
53;Persian;Normal;;65;70;60;65;65;115;1;False;440;163;149;136;53
54;Psyduck;Water;;50;52;48;65;50;55;1;False;320;137;121;94;40
55;Golduck;Water;;80;82;78;95;80;85;1;False;500;190;190;161;67
56;Mankey;Fighting;;40;80;35;35;45;70;1;False;305;120;147;81;39
57;Primeape;Fighting;;65;105;60;60;70;95;1;False;455;163;206;137;62
58;Growlithe;Fire;;55;70;45;70;50;60;1;False;350;146;135;93;43
59;Arcanine;Fire;;90;110;80;100;80;95;1;False;555;207;226;166;77
60;Poliwag;Water;;40;50;40;40;40;90;1;False;300;120;100;82;32
61;Poliwhirl;Water;;65;65;65;50;50;90;1;False;385;163;130;122;48
62;Poliwrath;Water;Fighting;90;95;95;70;90;70;1;False;510;207;181;184;71
63;Abra;Psychic;;25;20;15;105;55;90;1;False;310;93;194;82;40
64;Kadabra;Psychic;;40;35;30;120;70;105;1;False;400;120;231;116;54
65;Alakazam;Psychic;;55;50;45;135;95;120;1;False;500;146;271;166;71
65;AlakazamMega Alakazam;Psychic;;55;50;65;175;95;150;1;False;590;146;366;192;86
66;Machop;Fighting;;70;80;50;35;35;35;1;False;305;172;136;81;45
67;Machoke;Fighting;;80;100;70;50;60;45;1;False;405;190;176;124;61
68;Machamp;Fighting;;90;130;80;65;85;55;1;False;505;207;234;159;78
69;Bellsprout;Grass;Poison;50;75;35;70;30;40;1;False;300;137;138;61;38
70;Weepinbell;Grass;Poison;65;90;50;85;45;55;1;False;390;163;171;92;51
71;Victreebel;Grass;Poison;80;105;65;100;70;70;1;False;490;190;206;134;67
72;Tentacool;Water;Poison;40;40;35;50;100;70;1;False;335;120;96;149;37
73;Tentacruel;Water;Poison;80;70;65;80;120;100;1;False;515;190;165;208;67
74;Geodude;Rock;Ground;40;80;100;30;30;20;1;False;300;120;131;131;42
75;Graveler;Rock;Ground;55;95;115;45;45;35;1;False;390;146;163;163;55
76;Golem;Rock;Ground;80;120;130;55;65;45;1;False;495;190;210;198;74
77;Ponyta;Fire;;50;85;55;65;65;90;1;False;410;137;169;126;50
78;Rapidash;Fire;;65;100;70;80;80;105;1;False;500;163;206;161;65
79;Slowpoke;Water;Psychic;90;65;65;40;40;15;1;False;315;207;108;97;46
80;Slowbro;Water;Psychic;95;75;110;100;80;30;1;False;490;216;176;179;71
80;SlowbroMega Slowbro;Water;Psychic;95;75;180;130;80;30;1;False;590;216;224;259;88
81;Magnemite;Electric;Steel;25;35;70;95;55;45;1;False;325;93;164;121;40
82;Magneton;Electric;Steel;50;60;95;120;70;70;1;False;465;137;222;169;62
83;Farfetch'd;Normal;Flying;52;65;55;58;62;60;1;False;352;141;124;115;43
84;Doduo;Normal;Flying;35;85;45;35;35;75;1;False;310;111;157;82;39
85;Dodrio;Normal;Flying;60;110;70;60;60;100;1;False;460;155;217;139;62
86;Seel;Water;;65;45;55;45;70;45;1;False;325;163;84;121;38
87;Dewgong;Water;Ice;90;70;80;70;95;70;1;False;475;207;138;176;61
88;Grimer;Poison;;80;80;50;40;50;25;1;False;325;190;135;90;49
89;Muk;Poison;;105;105;75;65;100;50;1;False;500;233;190;172;76
90;Shellder;Water;;30;65;100;45;25;40;1;False;305;102;116;133;36
91;Cloyster;Water;Ice;50;95;180;85;45;70;1;False;525;137;185;256;63
92;Gastly;Ghost;Poison;30;35;30;100;35;80;1;False;310;102;185;66;39
93;Haunter;Ghost;Poison;45;50;45;115;55;95;1;False;405;128;222;106;54
94;Gengar;Ghost;Poison;60;65;60;130;75;110;1;False;500;155;260;148;70
94;GengarMega Gengar;Ghost;Poison;60;65;80;170;95;130;1;False;600;155;348;198;87
95;Onix;Rock;Ground;35;45;160;30;45;70;1;False;385;111;85;231;37
96;Drowzee;Psychic;;60;48;45;43;90;42;1;False;328;155;88;136;39
97;Hypno;Psychic;;85;73;70;73;115;67;1;False;483;198;143;193;62
98;Krabby;Water;;30;105;90;25;25;50;1;False;325;102;180;124;45
99;Kingler;Water;;55;130;115;50;50;75;1;False;475;146;240;181;68
100;Voltorb;Electric;;40;30;50;55;55;100;1;False;330;120;108;111;36
101;Electrode;Electric;;60;50;70;80;80;140;1;False;480;155;172;172;59
102;Exeggcute;Grass;Psychic;60;40;80;60;45;40;1;False;325;155;106;124;42
103;Exeggutor;Grass;Psychic;95;95;85;125;65;55;1;False;520;216;232;148;78
104;Cubone;Ground;;50;50;95;40;50;35;1;False;320;137;89;143;38
105;Marowak;Ground;;60;80;110;50;80;45;1;False;425;155;143;185;54
106;Hitmonlee;Fighting;;50;120;53;35;110;87;1;False;455;137;224;181;64
107;Hitmonchan;Fighting;;50;105;79;35;110;76;1;False;455;137;192;197;60
108;Lickitung;Normal;;90;55;75;60;75;30;1;False;385;207;108;136;51
109;Koffing;Poison;;40;65;95;60;45;35;1;False;340;120;118;140;40
110;Weezing;Poison;;65;90;120;85;70;60;1;False;490;163;173;196;62
111;Rhyhorn;Ground;Rock;80;85;95;30;30;25;1;False;345;190;140;127;54
112;Rhydon;Ground;Rock;105;130;120;45;45;40;1;False;485;233;222;170;82
113;Chansey;Normal;;250;5;5;35;105;50;1;False;450;487;59;128;57
114;Tangela;Grass;;65;55;115;100;40;60;1;False;435;163;183;168;62
115;Kangaskhan;Normal;;105;95;80;40;80;90;1;False;490;233;181;164;73
115;KangaskhanMega Kangaskhan;Normal;;105;125;100;60;100;100;1;False;590;233;245;210;90
116;Horsea;Water;;30;40;70;70;25;60;1;False;295;102;128;103;36
117;Seadra;Water;;55;65;95;95;45;85;1;False;440;146;186;155;58
118;Goldeen;Water;;45;67;60;35;50;63;1;False;320;128;122;109;40
119;Seaking;Water;;80;92;65;65;80;68;1;False;450;190;174;146;63
120;Staryu;Water;;30;45;55;70;55;85;1;False;340;102;136;112;38
121;Starmie;Water;Psychic;60;75;85;100;85;115;1;False;520;155;209;183;66
122;Mr. Mime;Psychic;Fairy;40;45;65;100;120;90;1;False;460;120;191;204;57
123;Scyther;Bug;Flying;70;110;80;55;80;105;1;False;500;172;218;169;69
124;Jynx;Ice;Psychic;65;50;35;115;95;95;1;False;455;163;222;150;66
125;Electabuzz;Electric;;65;83;57;95;85;105;1;False;490;163;198;157;63
126;Magmar;Fire;;65;95;57;100;85;93;1;False;495;163;205;154;64
127;Pinsir;Bug;;65;125;100;55;70;85;1;False;500;163;237;181;72
127;PinsirMega Pinsir;Bug;Flying;65;155;120;65;90;105;1;False;600;163;304;230;86
128;Tauros;Normal;;75;100;95;40;70;110;1;False;490;181;197;183;69
129;Magikarp;Water;;20;10;55;15;20;80;1;False;200;85;29;84;15
130;Gyarados;Water;Flying;95;125;79;60;100;81;1;False;540;216;236;186;83
130;GyaradosMega Gyarados;Water;Dark;95;155;109;70;130;81;1;False;640;216;292;247;99
131;Lapras;Water;Ice;130;85;80;85;95;60;1;False;535;277;164;173;77
132;Ditto;Normal;;48;48;48;48;48;48;1;False;288;134;90;90;33
133;Eevee;Normal;;55;55;50;45;65;55;1;False;325;146;103;114;40
134;Vaporeon;Water;;130;65;60;110;95;65;1;False;525;277;204;160;84
135;Jolteon;Electric;;65;65;60;110;95;130;1;False;525;163;231;181;71
136;Flareon;Fire;;65;130;60;95;110;65;1;False;525;163;246;178;73
137;Porygon;Normal;;65;60;70;85;75;40;1;False;395;163;152;136;53
138;Omanyte;Rock;Water;35;40;100;90;55;35;1;False;355;111;154;152;45
139;Omastar;Rock;Water;70;60;125;115;70;55;1;False;495;172;207;200;70
140;Kabuto;Rock;Water;30;80;90;55;45;55;1;False;355;102;147;140;42
141;Kabutops;Rock;Water;60;115;105;65;70;80;1;False;495;155;219;185;67
142;Aerodactyl;Rock;Flying;80;105;65;60;75;130;1;False;515;190;220;158;72
142;AerodactylMega Aerodactyl;Rock;Flying;80;135;85;70;95;150;1;False;615;190;291;209;89
143;Snorlax;Normal;;160;110;65;65;110;30;1;False;540;330;189;169;90
144;Articuno;Ice;Flying;90;85;100;95;125;85;1;True;580;207;191;235;77
145;Zapdos;Electric;Flying;90;90;85;125;90;100;1;True;580;207;253;185;84
146;Moltres;Fire;Flying;90;100;90;125;85;90;1;True;580;207;251;181;83
147;Dratini;Dragon;;41;64;45;50;50;50;1;False;300;121;118;91;36
148;Dragonair;Dragon;;61;84;65;70;70;70;1;False;420;156;162;134;54
149;Dragonite;Dragon;Flying;91;134;95;100;100;80;1;False;600;209;262;198;87
150;Mewtwo;Psychic;;106;110;90;154;90;130;1;True;680;235;329;199;104
150;MewtwoMega Mewtwo X;Psychic;Fighting;106;190;100;154;100;130;1;True;780;235;411;222;119
150;MewtwoMega Mewtwo Y;Psychic;;106;150;70;194;120;140;1;True;780;235;426;228;122
151;Mew;Psychic;;100;100;100;100;100;100;1;False;600;225;210;210;82
152;Chikorita;Grass;;45;49;65;49;65;45;2;False;318;128;92;122;36
153;Bayleef;Grass;;60;62;80;63;80;60;2;False;405;155;121;155;48
154;Meganium;Grass;;80;82;100;83;100;80;2;False;525;190;167;202;67
155;Cyndaquil;Fire;;39;52;43;60;50;65;2;False;309;118;115;92;36
156;Quilava;Fire;;58;64;58;80;65;80;2;False;405;151;157;125;51
157;Typhlosion;Fire;;78;84;78;109;85;100;2;False;534;186;222;172;73
158;Totodile;Water;;50;65;64;44;48;43;2;False;314;137;116;108;40
159;Croconaw;Water;;65;80;80;59;63;58;2;False;405;163;149;142;53
160;Feraligatr;Water;;85;105;100;79;83;78;2;False;530;198;204;188;74
161;Sentret;Normal;;35;46;34;35;45;20;2;False;215;111;79;72;27
162;Furret;Normal;;85;76;64;45;55;90;2;False;415;198;148;124;57
163;Hoothoot;Normal;Flying;60;30;30;36;56;50;2;False;262;155;66;87;30
164;Noctowl;Normal;Flying;100;50;50;76;96;70;2;False;442;225;144;155;63
165;Ledyba;Bug;Flying;40;20;30;40;80;55;2;False;265;120;72;117;30
166;Ledian;Bug;Flying;55;35;50;55;110;85;2;False;390;146;107;178;45
167;Spinarak;Bug;Poison;40;60;40;40;40;30;2;False;250;120;104;72;32
168;Ariados;Bug;Poison;70;90;70;60;60;40;2;False;390;172;160;123;55
169;Crobat;Poison;Flying;85;90;80;70;80;130;2;False;535;198;194;177;71
170;Chinchou;Water;Electric;75;38;38;56;56;67;2;False;330;181;105;96;43
171;Lanturn;Water;Electric;125;58;58;76;76;67;2;False;460;268;145;136;67
172;Pichu;Electric;;20;40;15;35;35;60;2;False;205;85;76;53;21
173;Cleffa;Fairy;;50;25;28;45;55;15;2;False;218;137;74;78;29
174;Igglybuff;Normal;Fairy;90;30;15;40;20;15;2;False;210;207;68;31;27
175;Togepi;Fairy;;35;20;65;40;65;20;2;False;245;111;66;115;28
176;Togetic;Fairy;Flying;55;40;85;80;105;40;2;False;405;146;139;181;52
177;Natu;Psychic;Flying;40;50;45;70;45;70;2;False;320;120;133;89;38
178;Xatu;Psychic;Flying;65;75;70;95;70;95;2;False;470;163;192;145;61
179;Mareep;Electric;;55;40;40;65;45;35;2;False;280;146;113;79;38
180;Flaaffy;Electric;;70;55;55;80;60;45;2;False;365;172;144;109;50
181;Ampharos;Electric;;90;75;85;115;90;55;2;False;510;207;211;169;75
181;AmpharosMega Ampharos;Electric;Dragon;90;95;105;165;110;45;2;False;610;207;293;203;92
182;Bellossom;Grass;;75;80;95;90;100;50;2;False;490;181;168;186;64
183;Marill;Water;Fairy;70;20;50;20;50;40;2;False;250;172;37;93;24
184;Azumarill;Water;Fairy;100;50;80;60;80;50;2;False;420;225;111;152;55
185;Sudowoodo;Rock;;70;100;115;30;65;30;2;False;410;172;166;175;61
186;Politoed;Water;;90;75;75;90;100;70;2;False;500;207;174;179;69
187;Hoppip;Grass;Flying;35;35;40;35;55;50;2;False;250;111;66;93;26
188;Skiploom;Grass;Flying;55;45;50;45;65;80;2;False;340;146;90;119;37
189;Jumpluff;Grass;Flying;75;55;70;55;95;110;2;False;460;181;117;183;53
190;Aipom;Normal;;55;70;55;40;55;85;2;False;360;146;135;112;45
191;Sunkern;Grass;;30;30;30;30;30;30;2;False;180;102;54;54;20
192;Sunflora;Grass;;75;75;55;105;85;30;2;False;425;181;184;134;62
193;Yanma;Bug;Flying;65;65;45;75;45;95;2;False;390;163;153;93;49
194;Wooper;Water;Ground;55;45;45;25;25;15;2;False;210;146;74;66;29
195;Quagsire;Water;Ground;95;85;85;65;65;35;2;False;430;216;151;142;62
196;Espeon;Psychic;;65;65;60;130;95;110;2;False;525;163;260;175;74
197;Umbreon;Dark;;95;65;110;60;130;65;2;False;525;216;126;240;64
198;Murkrow;Dark;Flying;60;85;42;85;42;91;2;False;405;155;175;86;50
199;Slowking;Water;Psychic;95;75;80;100;110;30;2;False;490;216;176;179;71
200;Misdreavus;Ghost;;60;60;60;85;85;85;2;False;435;155;167;154;56
201;Unown;Psychic;;48;72;48;72;48;48;2;False;336;134;136;90;41
202;Wobbuffet;Psychic;;190;33;58;33;58;33;2;False;405;382;60;106;48
203;Girafarig;Normal;Psychic;70;80;65;90;65;85;2;False;455;172;181;132;59
204;Pineco;Bug;;50;65;90;35;35;15;2;False;290;137;107;122;40
205;Forretress;Bug;Steel;75;90;140;60;60;40;2;False;465;181;160;204;64
206;Dunsparce;Normal;;100;70;70;65;65;45;2;False;415;225;130;128;57
207;Gligar;Ground;Flying;65;75;105;35;65;85;2;False;430;163;142;183;55
208;Steelix;Steel;Ground;75;85;200;55;65;30;2;False;510;181;147;271;66
208;SteelixMega Steelix;Steel;Ground;75;125;230;55;95;30;2;False;610;181;211;326;83
209;Snubbull;Fairy;;60;80;50;40;40;30;2;False;300;155;136;84;43
210;Granbull;Fairy;;90;120;75;60;60;45;2;False;450;207;211;130;70
211;Qwilfish;Water;Poison;65;95;75;55;55;85;2;False;430;163;183;137;59
212;Scizor;Bug;Steel;70;130;100;55;80;65;2;False;500;172;236;181;73
212;ScizorMega Scizor;Bug;Steel;70;150;140;65;100;75;2;False;600;172;278;250;86
213;Shuckle;Bug;Rock;20;10;230;10;230;5;2;False;505;85;17;395;16
214;Heracross;Bug;Fighting;80;125;75;40;95;85;2;False;500;190;233;178;76
214;HeracrossMega Heracross;Bug;Fighting;80;185;115;40;105;75;2;False;600;190;333;222;97
215;Sneasel;Dark;Ice;55;95;55;35;75;115;2;False;430;146;189;145;57
216;Teddiursa;Normal;;60;80;50;50;50;40;2;False;330;155;141;93;45
217;Ursaring;Normal;;90;130;75;75;75;55;2;False;500;207;236;144;76
218;Slugma;Fire;;40;40;40;70;40;20;2;False;250;120;117;71;34
219;Magcargo;Fire;Rock;50;50;120;80;80;30;2;False;410;137;138;191;51
220;Swinub;Ice;Ground;50;50;40;30;30;50;2;False;250;137;90;68;31
221;Piloswine;Ice;Ground;100;100;80;60;60;50;2;False;450;225;180;137;68
222;Corsola;Water;Rock;55;55;85;65;85;35;2;False;380;146;117;156;46
223;Remoraid;Water;;35;65;35;65;35;65;2;False;300;111;127;68;34
224;Octillery;Water;;75;105;75;105;75;45;2;False;480;181;197;141;65
225;Delibird;Ice;Flying;45;55;45;65;45;75;2;False;330;128;127;90;39
226;Mantine;Water;Flying;65;40;70;80;140;70;2;False;465;163;148;225;60
227;Skarmory;Steel;Flying;65;80;140;40;70;70;2;False;465;163;148;225;60
228;Houndour;Dark;Fire;45;60;30;80;50;65;2;False;330;128;151;83;41
229;Houndoom;Dark;Fire;75;90;50;110;80;95;2;False;500;181;223;143;69
229;HoundoomMega Houndoom;Dark;Fire;75;90;90;140;90;115;2;False;600;181;288;194;85
230;Kingdra;Water;Dragon;75;95;95;95;95;85;2;False;540;181;193;193;69
231;Phanpy;Ground;;90;60;60;40;40;40;2;False;330;207;106;97;46
232;Donphan;Ground;;90;120;120;60;60;50;2;False;500;207;213;185;77
233;Porygon2;Normal;;85;80;90;105;95;60;2;False;515;198;197;180;72
234;Stantler;Normal;;73;95;62;85;65;85;2;False;465;177;191;130;62
235;Smeargle;Normal;;55;20;35;20;45;75;2;False;250;146;40;82;22
236;Tyrogue;Fighting;;35;35;35;35;35;35;2;False;210;111;64;64;23
237;Hitmontop;Fighting;;50;95;95;35;110;70;2;False;455;137;173;206;58
238;Smoochum;Ice;Psychic;45;30;15;85;65;65;2;False;305;128;153;90;43
239;Elekid;Electric;;45;63;37;65;55;95;2;False;360;128;134;100;41
240;Magby;Fire;;45;75;37;70;55;83;2;False;365;128;151;98;43
241;Miltank;Normal;;95;80;105;40;70;100;2;False;490;216;157;192;68
242;Blissey;Normal;;255;10;10;75;135;55;2;False;540;496;128;169;90
243;Raikou;Electric;;90;85;75;115;100;115;2;True;580;207;240;195;83
244;Entei;Fire;;115;115;85;90;75;100;2;True;580;251;234;170;87
245;Suicune;Water;;100;75;115;90;115;85;2;True;580;225;179;234;78
246;Larvitar;Rock;Ground;50;64;50;45;50;41;2;False;300;137;114;93;38
247;Pupitar;Rock;Ground;70;84;70;65;70;51;2;False;410;172;155;133;55
248;Tyranitar;Rock;Dark;100;134;110;95;100;61;2;False;600;225;251;206;90
248;TyranitarMega Tyranitar;Rock;Dark;100;164;150;95;120;71;2;False;700;225;308;275;107
249;Lugia;Psychic;Flying;106;90;130;90;154;110;2;True;680;235;192;310;89
250;Ho-oh;Fire;Flying;106;130;90;110;154;90;2;True;680;235;262;267;100
251;Celebi;Psychic;Grass;100;100;100;100;100;100;2;False;600;225;210;210;82
252;Treecko;Grass;;40;45;35;65;55;70;3;False;310;120;123;94;37
253;Grovyle;Grass;;50;65;45;85;65;95;3;False;405;137;171;119;50
254;Sceptile;Grass;;70;85;65;105;85;120;3;False;530;172;223;168;70
254;SceptileMega Sceptile;Grass;Dragon;70;110;75;145;85;145;3;False;630;172;320;185;86
255;Torchic;Fire;;45;60;40;70;50;45;3;False;310;128;129;86;39
256;Combusken;Fire;Fighting;60;85;60;85;60;55;3;False;405;155;163;115;52
257;Blaziken;Fire;Fighting;80;120;70;110;70;80;3;False;530;190;239;141;73
257;BlazikenMega Blaziken;Fire;Fighting;80;160;80;130;80;100;3;False;630;190;328;168;89
258;Mudkip;Water;;50;70;50;50;50;40;3;False;310;137;125;93;40
259;Marshtomp;Water;Ground;70;85;70;60;70;50;3;False;405;172;155;133;55
260;Swampert;Water;Ground;100;110;90;85;90;60;3;False;535;225;207;174;78
260;SwampertMega Swampert;Water;Ground;100;150;110;95;110;70;3;False;635;225;283;217;96
261;Poochyena;Dark;;35;55;35;30;30;35;3;False;220;111;95;60;28
262;Mightyena;Dark;;70;90;70;60;60;70;3;False;420;172;170;131;57
263;Zigzagoon;Normal;;38;30;41;30;41;60;3;False;240;116;58;79;24
264;Linoone;Normal;;78;70;61;50;61;100;3;False;420;186;141;128;54
265;Wurmple;Bug;;45;45;35;20;30;20;3;False;195;128;74;58;26
266;Silcoon;Bug;;50;35;55;25;25;15;3;False;205;137;59;77;26
267;Beautifly;Bug;Flying;60;70;50;100;50;65;3;False;395;155;188;98;53
268;Cascoon;Bug;;50;35;55;25;25;15;3;False;205;137;59;77;26
269;Dustox;Bug;Poison;60;50;70;50;90;65;3;False;385;155;98;161;43
270;Lotad;Water;Grass;40;30;30;40;50;30;3;False;220;120;70;77;27
271;Lombre;Water;Grass;60;50;50;60;70;50;3;False;340;155;111;118;43
272;Ludicolo;Water;Grass;80;70;70;90;100;70;3;False;480;190;173;175;65
273;Seedot;Grass;;40;40;50;30;30;30;3;False;220;120;70;77;27
274;Nuzleaf;Grass;Dark;70;70;40;60;40;60;3;False;340;172;133;77;44
275;Shiftry;Grass;Dark;90;100;60;90;60;80;3;False;480;207;199;121;67
276;Taillow;Normal;Flying;40;55;30;30;30;85;3;False;270;120;105;61;31
277;Swellow;Normal;Flying;60;85;60;50;50;125;3;False;430;155;177;123;55
278;Wingull;Water;Flying;40;30;30;55;30;85;3;False;270;120;105;61;31
279;Pelipper;Water;Flying;60;50;100;85;70;65;3;False;430;155;158;173;56
280;Ralts;Psychic;Fairy;28;25;25;45;35;40;3;False;198;99;79;58;24
281;Kirlia;Psychic;Fairy;38;35;35;65;55;50;3;False;278;116;116;90;35
282;Gardevoir;Psychic;Fairy;68;65;65;125;115;80;3;False;518;169;237;194;74
282;GardevoirMega Gardevoir;Psychic;Fairy;68;85;65;165;135;100;3;False;618;169;325;228;91
283;Surskit;Bug;Water;40;30;32;50;52;65;3;False;269;120;93;87;32
284;Masquerain;Bug;Flying;70;60;62;80;82;60;3;False;414;172;150;144;55
285;Shroomish;Grass;;60;40;60;40;60;35;3;False;295;155;73;110;34
286;Breloom;Grass;Fighting;60;130;80;60;60;70;3;False;460;155;240;143;66
287;Slakoth;Normal;;60;60;60;35;35;30;3;False;280;155;103;92;39
288;Vigoroth;Normal;;80;80;80;55;55;90;3;False;440;190;158;145;60
289;Slaking;Normal;;150;160;100;95;65;100;3;False;670;312;318;182;115
290;Nincada;Bug;Ground;31;45;90;30;30;40;3;False;266;104;80;125;30
291;Ninjask;Bug;Flying;61;90;45;50;50;160;3;False;456;156;198;112;57
292;Shedinja;Bug;Ghost;1;90;45;30;30;40;3;False;236;51;153;73;25
293;Whismur;Normal;;64;51;23;51;23;28;3;False;240;162;92;41;30
294;Loudred;Normal;;84;71;43;71;43;48;3;False;360;197;134;81;48
295;Exploud;Normal;;104;91;63;91;73;68;3;False;490;232;179;136;69
296;Makuhita;Fighting;;72;60;30;20;30;25;3;False;237;176;99;54;35
297;Hariyama;Fighting;;144;120;60;40;60;50;3;False;474;302;209;114;82
298;Azurill;Normal;Fairy;50;20;40;20;40;20;3;False;190;137;35;71;20
299;Nosepass;Rock;;30;45;135;45;90;30;3;False;375;102;81;214;34
300;Skitty;Normal;;50;45;45;35;35;50;3;False;260;137;83;78;31
301;Delcatty;Normal;;70;65;65;55;55;70;3;False;380;172;126;121;48
302;Sableye;Dark;Ghost;50;75;75;65;65;50;3;False;380;137;140;135;47
302;SableyeMega Sableye;Dark;Ghost;50;85;125;85;115;20;3;False;480;137;151;215;55
303;Mawile;Steel;Fairy;50;85;85;55;55;50;3;False;380;137;154;140;49
303;MawileMega Mawile;Steel;Fairy;50;105;125;55;95;50;3;False;480;137;187;216;61
304;Aron;Steel;Rock;50;70;100;40;40;30;3;False;330;137;120;141;44
305;Lairon;Steel;Rock;60;90;140;50;50;40;3;False;430;155;158;197;58
306;Aggron;Steel;Rock;70;110;180;60;60;50;3;False;530;172;197;256;73
306;AggronMega Aggron;Steel;;70;140;230;60;80;50;3;False;630;172;247;330;87
307;Meditite;Fighting;Psychic;30;40;55;40;55;60;3;False;280;102;77;106;28
308;Medicham;Fighting;Psychic;60;60;75;60;75;80;3;False;410;155;121;151;48
308;MedichamMega Medicham;Fighting;Psychic;60;100;85;80;85;100;3;False;510;155;204;178;64
309;Electrike;Electric;;40;45;40;65;40;65;3;False;295;120;122;78;35
310;Manectric;Electric;;70;75;60;105;60;105;3;False;475;172;214;127;64
310;ManectricMega Manectric;Electric;;70;75;80;135;80;135;3;False;575;172;285;179;80
311;Plusle;Electric;;60;50;40;85;75;95;3;False;405;155;167;128;54
312;Minun;Electric;;60;40;50;75;85;95;3;False;405;155;146;149;52
313;Volbeat;Bug;;65;73;55;47;75;85;3;False;400;163;142;137;52
314;Illumise;Bug;;65;47;55;73;75;85;3;False;400;163;142;137;52
315;Roselia;Grass;Poison;50;60;45;100;80;65;3;False;400;137;186;131;54
316;Gulpin;Poison;;70;43;53;43;53;40;3;False;302;172;79;98;36
317;Swalot;Poison;;100;73;83;73;83;55;3;False;467;225;140;159;63
318;Carvanha;Water;Dark;45;90;20;65;20;65;3;False;305;128;170;39;36
319;Sharpedo;Water;Dark;70;120;40;95;40;95;3;False;460;172;243;83;61
319;SharpedoMega Sharpedo;Water;Dark;70;140;70;110;65;105;3;False;560;172;288;144;77
320;Wailmer;Water;;130;70;35;70;35;60;3;False;400;277;135;67;55
321;Wailord;Water;;170;90;45;90;45;60;3;False;500;347;174;87;75
322;Numel;Fire;Ground;60;60;40;65;45;35;3;False;305;155;118;79;40
323;Camerupt;Fire;Ground;70;100;70;105;75;40;3;False;460;172;194;136;62
323;CameruptMega Camerupt;Fire;Ground;70;120;100;145;105;20;3;False;560;172;252;183;76
324;Torkoal;Fire;;70;85;140;85;70;20;3;False;470;172;151;202;60
325;Spoink;Psychic;;60;25;35;70;80;60;3;False;330;155;124;122;46
326;Grumpig;Psychic;;80;45;65;90;110;80;3;False;470;190;170;188;66
327;Spinda;Normal;;60;60;60;60;60;60;3;False;360;155;116;116;44
328;Trapinch;Ground;;45;100;45;45;45;10;3;False;290;128;162;78;42
329;Vibrava;Ground;Dragon;50;70;50;50;50;70;3;False;340;137;133;99;42
330;Flygon;Ground;Dragon;80;100;80;80;80;100;3;False;520;190;204;168;70
331;Cacnea;Grass;;50;85;40;85;40;35;3;False;335;137;156;73;42
332;Cacturne;Grass;Dark;70;115;60;115;60;55;3;False;475;172;220;115;63
333;Swablu;Normal;Flying;45;40;60;40;75;50;3;False;310;128;76;131;33
334;Altaria;Dragon;Flying;75;70;90;70;105;80;3;False;490;181;141;200;60
334;AltariaMega Altaria;Dragon;Fairy;75;110;110;110;105;80;3;False;590;181;222;218;77
335;Zangoose;Normal;;73;115;60;60;60;90;3;False;458;177;222;123;66
336;Seviper;Poison;;73;100;60;100;60;65;3;False;458;177;196;117;61
337;Lunatone;Rock;Psychic;70;55;65;95;85;70;3;False;440;172;178;153;61
338;Solrock;Rock;Psychic;70;95;85;55;65;70;3;False;440;172;178;153;61
339;Barboach;Water;Ground;50;48;43;46;41;60;3;False;288;137;92;81;33
340;Whiscash;Water;Ground;110;78;73;76;71;60;3;False;468;242;150;140;65
341;Corphish;Water;;43;80;65;50;35;35;3;False;308;125;140;98;41
342;Crawdaunt;Water;Dark;63;120;85;90;55;55;3;False;468;160;223;141;65
343;Baltoy;Ground;Psychic;40;40;55;40;70;55;3;False;300;120;76;123;31
344;Claydol;Ground;Psychic;60;70;105;70;120;75;3;False;500;155;140;228;57
345;Lileep;Rock;Grass;66;41;77;61;87;23;3;False;355;165;104;149;45
346;Cradily;Rock;Grass;86;81;97;81;107;43;3;False;495;200;151;193;64
347;Anorith;Rock;Bug;45;95;50;40;50;75;3;False;355;128;176;100;47
348;Armaldo;Rock;Bug;75;125;100;70;80;45;3;False;495;181;222;173;72
349;Feebas;Water;;20;15;20;10;55;80;3;False;200;85;29;84;15
350;Milotic;Water;;95;60;79;100;125;81;3;False;540;216;192;218;78
351;Castform;Normal;;70;70;70;70;70;70;3;False;420;172;138;138;52
352;Kecleon;Normal;;60;90;70;60;120;40;3;False;440;155;160;188;58
353;Shuppet;Ghost;;44;75;35;63;33;45;3;False;295;127;138;64;37
354;Banette;Ghost;;64;115;65;83;63;65;3;False;455;162;217;125;62
354;BanetteMega Banette;Ghost;;64;165;75;93;83;75;3;False;555;162;312;160;79
355;Duskull;Ghost;;20;40;90;30;90;25;3;False;295;85;69;162;27
356;Dusclops;Ghost;;40;70;130;60;130;25;3;False;455;120;123;234;47
357;Tropius;Grass;Flying;99;68;83;72;87;51;3;False;460;223;136;162;62
358;Chimecho;Psychic;;65;50;70;95;80;65;3;False;425;163;175;149;59
359;Absol;Dark;;65;130;60;75;60;75;3;False;465;163;246;120;66
359;AbsolMega Absol;Dark;;65;150;60;115;60;115;3;False;565;163;314;129;76
360;Wynaut;Psychic;;95;23;48;23;48;23;3;False;260;216;41;86;28
361;Snorunt;Ice;;50;50;50;50;50;50;3;False;300;137;95;95;35
362;Glalie;Ice;;80;80;80;80;80;80;3;False;480;190;161;161;62
362;GlalieMega Glalie;Ice;;80;120;80;120;80;100;3;False;580;190;252;168;78
363;Spheal;Ice;Water;70;40;50;55;50;25;3;False;290;172;95;90;39
364;Sealeo;Ice;Water;90;60;70;75;70;45;3;False;410;207;137;131;56
365;Walrein;Ice;Water;110;80;90;95;90;65;3;False;530;242;182;176;76
366;Clamperl;Water;;35;64;85;74;55;32;3;False;345;111;132;134;41
367;Huntail;Water;;55;104;105;94;75;52;3;False;485;146;196;178;61
368;Gorebyss;Water;;55;84;105;114;75;52;3;False;485;146;210;178;63
369;Relicanth;Water;Rock;100;90;130;45;65;55;3;False;485;225;162;202;71
370;Luvdisc;Water;;43;30;55;40;65;97;3;False;330;125;80;127;33
371;Bagon;Dragon;;45;75;60;40;30;50;3;False;300;128;134;92;40
372;Shelgon;Dragon;;65;95;100;60;50;50;3;False;420;163;172;154;58
373;Salamence;Dragon;Flying;95;135;80;110;80;100;3;False;600;216;276;168;87
373;SalamenceMega Salamence;Dragon;Flying;95;145;130;120;90;120;3;False;700;216;309;250;102
374;Beldum;Steel;Psychic;40;55;80;35;60;30;3;False;300;120;95;131;36
375;Metang;Steel;Psychic;60;75;100;55;80;50;3;False;420;155;137;175;53
376;Metagross;Steel;Psychic;80;135;130;95;90;70;3;False;600;190;257;227;85
376;MetagrossMega Metagross;Steel;Psychic;80;145;150;105;110;110;3;False;700;190;299;288;98
377;Regirock;Rock;;80;100;200;50;100;50;3;True;580;190;178;308;77
378;Regice;Ice;;80;50;100;100;200;50;3;True;580;190;178;308;77
379;Registeel;Steel;;80;75;150;75;150;50;3;True;580;190;142;285;67
380;Latias;Dragon;Psychic;80;80;90;110;130;110;3;True;600;190;227;246;82
380;LatiasMega Latias;Dragon;Psychic;80;100;120;140;150;110;3;True;700;190;288;296;97
381;Latios;Dragon;Psychic;80;90;80;130;110;110;3;True;600;190;267;211;85
381;LatiosMega Latios;Dragon;Psychic;80;130;100;160;120;110;3;True;700;190;334;240;99
382;Kyogre;Water;;100;100;90;150;140;90;3;True;670;225;296;249;102
382;KyogrePrimal Kyogre;Water;;100;150;90;180;160;90;3;True;770;225;363;275;116
383;Groudon;Ground;;100;150;140;100;90;90;3;True;670;225;296;249;102
383;GroudonPrimal Groudon;Ground;Fire;100;180;160;150;90;90;3;True;770;225;363;275;116
384;Rayquaza;Dragon;Flying;105;150;90;150;90;95;3;True;680;233;312;187;99
384;RayquazaMega Rayquaza;Dragon;Flying;105;180;100;180;100;115;3;True;780;233;388;216;115
385;Jirachi;Steel;Psychic;100;100;100;100;100;100;3;True;600;225;210;210;82
386;DeoxysNormal Forme;Psychic;;50;150;50;150;50;150;3;True;600;137;345;114;71
386;DeoxysAttack Forme;Psychic;;50;180;20;180;20;150;3;True;600;137;413;46;61
386;DeoxysDefense Forme;Psychic;;50;70;160;70;160;90;3;True;600;137;144;329;59
386;DeoxysSpeed Forme;Psychic;;50;95;90;95;90;180;3;True;600;137;229;217;67
387;Turtwig;Grass;;55;68;64;45;55;31;4;False;318;146;118;110;42
388;Grotle;Grass;;75;89;85;55;65;36;4;False;405;181;156;142;58
389;Torterra;Grass;Ground;95;109;105;75;85;56;4;False;525;216;201;187;77
390;Chimchar;Fire;;44;58;44;58;44;61;4;False;309;127;112;85;36
391;Monferno;Fire;Fighting;64;78;52;78;52;81;4;False;405;162;157;105;51
392;Infernape;Fire;Fighting;76;104;71;104;71;108;4;False;534;183;221;151;70
393;Piplup;Water;;53;51;53;61;56;40;4;False;314;142;111;102;39
394;Prinplup;Water;;64;66;68;81;76;50;4;False;405;162;150;138;53
395;Empoleon;Water;Steel;84;86;88;111;101;60;4;False;530;197;209;186;74
396;Starly;Normal;Flying;40;55;30;30;30;60;4;False;245;120;100;58;30
397;Staravia;Normal;Flying;55;75;50;40;40;80;4;False;340;146;142;93;44
398;Staraptor;Normal;Flying;85;120;70;50;60;100;4;False;485;198;233;139;73
399;Bidoof;Normal;;59;45;40;35;40;31;4;False;250;153;79;72;32
400;Bibarel;Normal;Water;79;85;60;55;60;71;4;False;410;188;161;119;57
401;Kricketot;Bug;;37;25;41;25;41;25;4;False;194;114;45;73;20
402;Kricketune;Bug;;77;85;51;55;51;65;4;False;384;184;159;99;53
403;Shinx;Electric;;45;65;34;40;34;45;4;False;263;128;116;63;34
404;Luxio;Electric;;60;85;49;60;49;60;4;False;363;155;158;95;48
405;Luxray;Electric;;80;120;79;95;79;70;4;False;523;190;231;156;74
406;Budew;Grass;Poison;40;30;35;50;70;55;4;False;280;120;91;109;33
407;Roserade;Grass;Poison;60;70;65;125;105;90;4;False;515;155;243;185;71
408;Cranidos;Rock;;67;125;40;30;30;58;4;False;350;167;218;70;55
409;Rampardos;Rock;;97;165;60;65;50;58;4;False;495;219;294;108;81
410;Shieldon;Rock;Steel;30;42;118;42;88;30;4;False;350;102;76;194;32
411;Bastiodon;Rock;Steel;60;52;168;47;138;30;4;False;495;155;93;285;49
412;Burmy;Bug;;40;29;45;29;45;36;4;False;224;120;53;82;23
413;WormadamPlant Cloak;Bug;Grass;60;59;85;79;105;36;4;False;424;155;141;179;54
413;WormadamSandy Cloak;Bug;Ground;60;79;105;59;85;36;4;False;424;155;141;179;54
413;WormadamTrash Cloak;Bug;Steel;60;69;95;69;95;36;4;False;424;155;127;175;51
414;Mothim;Bug;Flying;70;94;50;94;50;66;4;False;424;172;184;98;55
415;Combee;Bug;Flying;30;30;42;30;42;70;4;False;244;102;59;83;23
416;Vespiquen;Bug;Flying;70;80;102;80;102;40;4;False;474;172;148;189;59
417;Pachirisu;Electric;;60;45;70;45;90;95;4;False;405;155;93;171;43
418;Buizel;Water;;55;65;35;60;30;85;4;False;330;146;131;67;39
419;Floatzel;Water;;85;105;55;85;50;115;4;False;495;198;221;114;68
420;Cherubi;Grass;;45;35;45;62;53;35;4;False;275;128;107;92;36
421;Cherrim;Grass;;70;60;70;87;78;85;4;False;450;172;170;153;60
422;Shellos;Water;;76;48;48;57;62;34;4;False;325;183;102;104;43
423;Gastrodon;Water;Ground;111;83;68;92;82;39;4;False;475;244;168;142;69
424;Ambipom;Normal;;75;100;66;60;66;115;4;False;482;181;205;142;66
425;Drifloon;Ghost;Flying;90;50;34;60;44;70;4;False;348;207;116;79;46
426;Drifblim;Ghost;Flying;150;80;44;90;54;80;4;False;498;312;179;101;74
427;Buneary;Normal;;55;66;44;44;56;85;4;False;350;146;129;105;43
428;Lopunny;Normal;;65;76;84;54;96;105;4;False;480;163;155;193;59
428;LopunnyMega Lopunny;Normal;Fighting;65;136;94;54;96;135;4;False;580;163;281;213;81
429;Mismagius;Ghost;;60;60;60;105;105;105;4;False;495;155;210;186;66
430;Honchkrow;Dark;Flying;100;125;52;105;52;71;4;False;505;225;243;103;74
431;Glameow;Normal;;49;55;42;42;37;85;4;False;310;135;108;81;36
432;Purugly;Normal;;71;82;64;64;59;112;4;False;452;174;171;133;58
433;Chingling;Psychic;;45;30;50;65;50;45;4;False;285;128;113;94;37
434;Stunky;Poison;Dark;63;63;47;41;41;74;4;False;329;160;120;89;42
435;Skuntank;Poison;Dark;103;93;67;71;61;84;4;False;479;230;183;131;69
436;Bronzor;Steel;Psychic;57;24;86;24;86;23;4;False;300;149;43;154;28
437;Bronzong;Steel;Psychic;67;89;116;79;116;33;4;False;500;167;160;212;62
438;Bonsly;Rock;;50;80;95;10;45;10;4;False;290;137;123;132;44
439;Mime Jr.;Psychic;Fairy;20;25;45;70;90;60;4;False;310;85;124;141;35
440;Happiny;Normal;;100;5;5;15;65;30;4;False;220;225;25;77;22
441;Chatot;Normal;Flying;76;65;45;92;42;91;4;False;411;183;182;90;56
442;Spiritomb;Ghost;Dark;50;92;108;92;108;35;4;False;485;137;169;198;57
443;Gible;Dragon;Ground;58;70;45;40;45;42;4;False;300;151;123;84;41
444;Gabite;Dragon;Ground;68;90;65;50;55;82;4;False;410;169;172;124;56
445;Garchomp;Dragon;Ground;108;130;95;80;85;102;4;False;600;239;260;192;92
445;GarchompMega Garchomp;Dragon;Ground;108;170;115;120;95;92;4;False;700;239;338;222;109
446;Munchlax;Normal;;135;85;40;40;85;5;4;False;390;286;136;117;64
447;Riolu;Fighting;;40;70;40;35;40;60;4;False;285;120;127;77;36
448;Lucario;Fighting;Steel;70;110;70;115;70;90;4;False;525;172;235;144;69
448;LucarioMega Lucario;Fighting;Steel;70;145;88;140;70;112;4;False;625;172;310;174;83
449;Hippopotas;Ground;;68;72;78;38;42;32;4;False;330;169;123;117;47
450;Hippowdon;Ground;;108;112;118;68;72;47;4;False;525;239;201;190;81
451;Skorupi;Poison;Bug;40;50;90;30;55;65;4;False;330;120;93;150;36
452;Drapion;Poison;Dark;70;90;110;60;75;95;4;False;500;172;179;201;66
453;Croagunk;Poison;Fighting;48;61;40;61;40;50;4;False;300;134;115;76;36
454;Toxicroak;Poison;Fighting;83;106;65;86;65;85;4;False;490;195;211;132;68
455;Carnivine;Grass;;74;100;72;90;72;46;4;False;454;179;186;135;62
456;Finneon;Water;;49;49;56;49;61;66;4;False;330;135;96;116;37
457;Lumineon;Water;;69;69;76;69;86;91;4;False;460;170;142;169;56
458;Mantyke;Water;Flying;45;20;50;60;120;50;4;False;345;128;104;178;42
459;Snover;Grass;Ice;60;62;50;62;60;40;4;False;334;155;115;104;42
460;Abomasnow;Grass;Ice;90;92;75;92;85;60;4;False;494;207;178;157;67
460;AbomasnowMega Abomasnow;Grass;Ice;90;132;105;132;105;30;4;False;594;207;240;191;82
461;Weavile;Dark;Ice;70;120;65;45;85;125;4;False;510;172;243;170;73
462;Magnezone;Electric;Steel;70;70;115;130;90;60;4;False;535;172;237;204;76
463;Lickilicky;Normal;;110;85;95;80;95;50;4;False;515;242;160;180;72
464;Rhyperior;Ground;Rock;115;140;130;55;55;40;4;False;535;251;240;189;91
465;Tangrowth;Grass;;100;100;125;110;50;50;4;False;535;225;206;184;79
466;Electivire;Electric;;75;123;67;95;85;95;4;False;540;181;248;162;75
467;Magmortar;Fire;;75;95;67;125;95;83;4;False;540;181;246;171;76
468;Togekiss;Fairy;Flying;85;50;95;120;115;80;4;False;545;198;224;217;80
469;Yanmega;Bug;Flying;86;76;86;116;56;95;4;False;515;200;230;155;75
470;Leafeon;Grass;;65;110;130;60;65;95;4;False;525;163;215;219;72
471;Glaceon;Ice;;65;60;110;130;95;65;4;False;525;163;237;204;74
472;Gliscor;Ground;Flying;75;95;125;45;75;95;4;False;510;181;184;221;70
473;Mamoswine;Ice;Ground;110;130;80;70;60;80;4;False;530;242;247;146;84
474;Porygon-Z;Normal;;85;80;70;135;75;90;4;False;535;198;263;150;79
475;Gallade;Psychic;Fighting;68;125;65;65;115;80;4;False;518;169;237;194;74
475;GalladeMega Gallade;Psychic;Fighting;68;165;95;65;115;110;4;False;618;169;326;230;91
476;Probopass;Rock;Steel;60;55;145;75;150;40;4;False;525;155;134;275;58
477;Dusknoir;Ghost;;45;100;135;65;135;45;4;False;525;128;179;253;60
478;Froslass;Ice;Ghost;70;80;70;80;70;110;4;False;480;172;171;149;59
479;Rotom;Electric;Ghost;50;50;77;95;77;91;4;False;440;137;184;158;56
479;RotomHeat Rotom;Electric;Fire;50;65;107;105;107;86;4;False;520;137;204;218;64
479;RotomWash Rotom;Electric;Water;50;65;107;105;107;86;4;False;520;137;204;218;64
479;RotomFrost Rotom;Electric;Ice;50;65;107;105;107;86;4;False;520;137;204;218;64
479;RotomFan Rotom;Electric;Flying;50;65;107;105;107;86;4;False;520;137;204;218;64
479;RotomMow Rotom;Electric;Grass;50;65;107;105;107;86;4;False;520;137;204;218;64
480;Uxie;Psychic;;75;75;130;75;130;95;4;True;580;181;156;270;68
481;Mesprit;Psychic;;80;105;105;105;105;80;4;True;580;190;212;212;76
482;Azelf;Psychic;;75;125;70;125;70;115;4;True;580;181;270;151;77
483;Dialga;Steel;Dragon;100;120;120;150;100;90;4;True;680;225;301;231;101
484;Palkia;Water;Dragon;90;120;100;150;120;100;4;True;680;207;307;236;98
485;Heatran;Fire;Steel;91;90;106;130;106;77;4;True;600;209;251;212;87
486;Regigigas;Normal;;110;160;110;80;110;100;4;True;670;242;315;231;107
487;GiratinaAltered Forme;Ghost;Dragon;150;100;120;100;120;90;4;True;680;312;206;247;100
487;GiratinaOrigin Forme;Ghost;Dragon;150;120;100;120;100;90;4;True;680;312;247;206;105
488;Cresselia;Psychic;;120;70;120;75;130;85;4;False;600;260;151;257;79
489;Phione;Water;;80;80;80;80;80;80;4;False;480;190;161;161;62
490;Manaphy;Water;;100;100;100;100;100;100;4;False;600;225;210;210;82
491;Darkrai;Dark;;70;90;90;135;90;125;4;True;600;172;284;198;82
492;ShayminLand Forme;Grass;;100;100;100;100;100;100;4;True;600;225;210;210;82
492;ShayminSky Forme;Grass;Flying;100;103;75;120;75;127;4;True;600;225;260;165;86
493;Arceus;Normal;;120;120;120;120;120;120;4;True;720;260;261;261;104
494;Victini;Psychic;Fire;100;100;100;100;100;100;5;True;600;225;210;210;82
495;Snivy;Grass;;45;45;55;45;55;63;5;False;308;128;87;107;33
496;Servine;Grass;;60;60;75;60;75;83;5;False;413;155;121;152;48
497;Serperior;Grass;;75;75;95;75;95;113;5;False;528;181;161;204;64
498;Tepig;Fire;;65;63;45;45;45;45;5;False;308;163;114;84;41
499;Pignite;Fire;Fighting;90;93;55;70;55;55;5;False;418;207;173;105;60
500;Emboar;Fire;Fighting;110;123;65;100;65;65;5;False;528;242;235;127;80
501;Oshawott;Water;;55;55;45;63;45;45;5;False;308;146;116;84;39
502;Dewott;Water;;75;75;60;83;60;60;5;False;413;181;159;116;55
503;Samurott;Water;;95;100;85;108;70;70;5;False;528;216;211;157;75
504;Patrat;Normal;;45;55;39;35;39;42;5;False;255;128;98;72;32
505;Watchog;Normal;;60;85;69;60;69;77;5;False;420;155;164;138;54
506;Lillipup;Normal;;45;60;45;25;45;55;5;False;275;128;106;86;35
507;Herdier;Normal;;65;80;65;35;65;60;5;False;370;163;144;126;51
508;Stoutland;Normal;;85;110;90;45;90;80;5;False;500;198;205;181;73
509;Purrloin;Dark;;41;50;37;50;37;66;5;False;281;121;98;72;31
510;Liepard;Dark;;64;88;50;88;50;106;5;False;446;162;186;106;55
511;Pansage;Grass;;50;53;48;53;48;64;5;False;316;137;103;93;36
512;Simisage;Grass;;75;98;63;98;63;101;5;False;498;181;206;132;65
513;Pansear;Fire;;50;53;48;53;48;64;5;False;316;137;103;93;36
514;Simisear;Fire;;75;98;63;98;63;101;5;False;498;181;206;132;65
515;Panpour;Water;;50;53;48;53;48;64;5;False;316;137;103;93;36
516;Simipour;Water;;75;98;63;98;63;101;5;False;498;181;206;132;65
517;Munna;Psychic;;76;25;45;67;55;24;5;False;292;183;110;92;43
518;Musharna;Psychic;;116;55;85;107;95;29;5;False;487;253;182;165;76
519;Pidove;Normal;Flying;50;55;50;36;30;43;5;False;264;137;98;79;34
520;Tranquill;Normal;Flying;62;77;62;50;42;65;5;False;358;158;144;106;48
521;Unfezant;Normal;Flying;80;115;80;65;55;93;5;False;488;190;225;146;71
522;Blitzle;Electric;;45;60;32;50;32;76;5;False;295;128;117;64;34
523;Zebstrika;Electric;;75;100;63;80;63;116;5;False;497;181;210;136;66
524;Roggenrola;Rock;;55;75;85;25;25;15;5;False;280;146;121;110;43
525;Boldore;Rock;;70;105;105;50;40;20;5;False;390;172;174;143;59
526;Gigalith;Rock;;85;135;130;60;80;25;5;False;515;198;226;200;79
527;Woobat;Psychic;Flying;55;45;43;55;43;72;5;False;313;146;106;85;37
528;Swoobat;Psychic;Flying;67;57;55;77;55;114;5;False;425;167;160;118;53
529;Drilbur;Ground;;60;85;40;30;45;68;5;False;328;155;154;85;46
530;Excadrill;Ground;Steel;110;135;60;50;65;88;5;False;508;242;255;129;83
531;Audino;Normal;;103;60;86;60;86;50;5;False;445;230;114;163;57
531;AudinoMega Audino;Normal;Fairy;103;60;126;80;126;50;5;False;545;230;147;239;72
532;Timburr;Fighting;;75;80;55;25;35;35;5;False;305;181;134;87;47
533;Gurdurr;Fighting;;85;105;85;40;50;40;5;False;405;198;180;133;64
534;Conkeldurr;Fighting;;105;140;95;55;65;45;5;False;505;233;243;157;84
535;Tympole;Water;;50;50;40;50;40;64;5;False;294;137;97;78;34
536;Palpitoad;Water;Ground;75;65;55;65;55;69;5;False;384;181;128;108;49
537;Seismitoad;Water;Ground;105;95;75;85;75;74;5;False;509;233;187;149;72
538;Throh;Fighting;;120;100;85;30;85;45;5;False;465;260;171;159;74
539;Sawk;Fighting;;75;125;75;30;75;85;5;False;465;181;230;153;71
540;Sewaddle;Bug;Grass;45;53;70;40;60;42;5;False;310;128;95;123;36
541;Swadloon;Bug;Grass;55;63;90;50;80;42;5;False;380;146;114;161;45
542;Leavanny;Bug;Grass;75;103;80;70;80;92;5;False;500;181;204;165;68
543;Venipede;Bug;Poison;30;45;59;30;39;57;5;False;260;102;83;99;29
544;Whirlipede;Bug;Poison;40;55;99;40;79;47;5;False;360;120;100;172;39
545;Scolipede;Bug;Poison;60;100;89;55;69;112;5;False;485;155;202;175;64
546;Cottonee;Grass;Fairy;40;27;60;37;50;66;5;False;280;120;70;110;29
547;Whimsicott;Grass;Fairy;60;67;85;77;75;116;5;False;480;155;163;175;57
548;Petilil;Grass;;45;35;50;70;50;30;5;False;280;128;119;91;38
549;Lilligant;Grass;;70;60;75;110;75;90;5;False;480;172;213;154;67
550;Basculin;Water;;70;92;65;80;55;98;5;False;460;172;189;128;60
551;Sandile;Ground;Dark;50;72;35;35;35;65;5;False;292;137;132;68;38
552;Krokorok;Ground;Dark;60;82;45;45;45;74;5;False;351;155;154;89;47
553;Krookodile;Ground;Dark;95;117;80;65;70;92;5;False;519;216;228;157;78
554;Darumaka;Fire;;70;90;45;15;45;50;5;False;315;172;153;85;49
555;DarmanitanStandard Mode;Fire;;105;140;55;30;55;95;5;False;480;233;262;114;80
555;DarmanitanZen Mode;Fire;Psychic;105;30;105;140;105;55;5;False;540;233;242;201;89
556;Maractus;Grass;;75;86;67;106;67;60;5;False;461;181;200;129;64
557;Dwebble;Bug;Rock;50;65;85;35;35;55;5;False;325;137;117;127;42
558;Crustle;Bug;Rock;70;95;125;65;75;45;5;False;475;172;171;199;64
559;Scraggy;Dark;Fighting;50;75;70;35;70;48;5;False;348;137;132;132;45
560;Scrafty;Dark;Fighting;65;90;115;45;115;58;5;False;488;163;163;222;62
561;Sigilyph;Psychic;Flying;72;58;80;103;80;97;5;False;490;176;203;167;67
562;Yamask;Ghost;;38;30;85;55;65;30;5;False;303;116;94;141;35
563;Cofagrigus;Ghost;;58;50;145;95;105;30;5;False;483;151;162;236;61
564;Tirtouga;Water;Rock;54;78;103;53;45;22;5;False;355;144;133;145;48
565;Carracosta;Water;Rock;74;108;133;83;65;32;5;False;495;179;191;196;69
566;Archen;Rock;Flying;55;112;45;74;45;70;5;False;401;146;212;89;54
567;Archeops;Rock;Flying;75;140;65;112;65;110;5;False;567;181;292;139;78
568;Trubbish;Poison;;50;50;62;40;62;65;5;False;329;137;95;121;37
569;Garbodor;Poison;;80;95;82;60;82;75;5;False;474;190;181;164;66
570;Zorua;Dark;;40;65;40;80;40;65;5;False;330;120;153;78;40
571;Zoroark;Dark;;60;105;60;120;60;105;5;False;510;155;250;127;66
572;Minccino;Normal;;55;50;40;40;40;75;5;False;300;146;97;80;35
573;Cinccino;Normal;;75;95;60;65;60;115;5;False;470;181;197;129;63
574;Gothita;Psychic;;45;30;50;55;65;45;5;False;290;128;97;111;36
575;Gothorita;Psychic;;60;45;70;75;85;55;5;False;390;155;136;152;50
576;Gothitelle;Psychic;;70;55;95;95;110;65;5;False;490;172;176;204;65
577;Solosis;Psychic;;45;30;40;105;50;20;5;False;290;128;170;82;44
578;Duosion;Psychic;;65;40;50;125;60;30;5;False;370;163;208;102;58
579;Reuniclus;Psychic;;110;65;75;125;85;30;5;False;490;242;213;147;79
580;Ducklett;Water;Flying;62;44;50;44;50;55;5;False;305;158;84;96;36
581;Swanna;Water;Flying;75;87;63;87;63;98;5;False;473;181;182;131;61
582;Vanillite;Ice;;36;50;50;65;60;44;5;False;305;113;118;105;36
583;Vanillish;Ice;;51;65;65;80;75;59;5;False;395;139;151;137;49
584;Vanilluxe;Ice;;71;95;85;110;95;79;5;False;535;174;217;183;71
585;Deerling;Normal;Grass;60;60;50;40;50;75;5;False;335;155;115;100;42
586;Sawsbuck;Normal;Grass;80;100;70;60;70;95;5;False;475;190;197;145;67
587;Emolga;Electric;Flying;55;75;60;75;60;103;5;False;428;146;158;126;50
588;Karrablast;Bug;;50;75;45;40;45;60;5;False;315;137;137;87;41
589;Escavalier;Bug;Steel;70;135;105;60;105;20;5;False;495;172;223;186;72
590;Foongus;Grass;Poison;69;55;45;55;55;15;5;False;294;170;96;90;39
591;Amoonguss;Grass;Poison;114;85;70;85;80;30;5;False;464;249;154;138;67
592;Frillish;Water;Ghost;55;40;50;65;85;40;5;False;335;146;115;133;44
593;Jellicent;Water;Ghost;100;60;70;85;105;60;5;False;480;225;158;178;68
594;Alomomola;Water;;165;75;80;40;45;65;5;False;470;338;138;131;73
595;Joltik;Bug;Electric;50;47;50;57;50;65;5;False;319;137;109;98;38
596;Galvantula;Bug;Electric;70;77;60;97;60;108;5;False;472;172;201;127;62
597;Ferroseed;Grass;Steel;44;50;91;24;86;10;5;False;305;127;81;155;35
598;Ferrothorn;Grass;Steel;74;94;131;54;116;20;5;False;489;179;158;223;64
599;Klink;Steel;;40;55;70;45;60;30;5;False;300;120;97;120;35
600;Klang;Steel;;60;80;95;70;85;50;5;False;440;155;149;173;55
601;Klinklang;Steel;;60;100;115;70;85;90;5;False;520;155;198;213;66
602;Tynamo;Electric;;35;55;40;45;40;60;5;False;275;111;104;77;31
603;Eelektrik;Electric;;65;85;70;75;70;40;5;False;405;163;155;130;53
604;Eelektross;Electric;;85;115;80;105;80;50;5;False;515;198;216;152;72
605;Elgyem;Psychic;;55;55;55;85;55;30;5;False;335;146;147;100;46
606;Beheeyem;Psychic;;75;75;75;125;95;40;5;False;485;181;220;162;71
607;Litwick;Ghost;Fire;50;30;55;65;55;20;5;False;275;137;107;97;37
608;Lampent;Ghost;Fire;60;40;60;95;60;55;5;False;370;155;169;115;53
609;Chandelure;Ghost;Fire;60;55;90;145;90;80;5;False;520;155;270;181;75
610;Axew;Dragon;;46;87;60;30;40;57;5;False;320;130;153;101;44
611;Fraxure;Dragon;;66;117;70;40;50;67;5;False;410;165;211;123;62
612;Haxorus;Dragon;;76;147;90;60;70;97;5;False;540;183;284;172;82
613;Cubchoo;Ice;;55;70;40;60;40;40;5;False;305;146;127;74;39
614;Beartic;Ice;;95;110;80;70;80;50;5;False;485;216;199;152;72
615;Cryogonal;Ice;;70;50;30;95;135;105;5;False;485;172;189;202;67
616;Shelmet;Bug;;50;40;85;40;65;25;5;False;305;137;72;139;34
617;Accelgor;Bug;;80;70;40;100;60;145;5;False;495;190;219;119;67
618;Stunfisk;Ground;Electric;109;66;84;81;99;32;5;False;471;240;144;170;67
619;Mienfoo;Fighting;;45;85;50;55;50;65;5;False;350;128;159;98;44
620;Mienshao;Fighting;;65;125;60;95;60;105;5;False;510;163;257;127;68
621;Druddigon;Dragon;;77;120;90;60;90;48;5;False;485;184;212;170;71
622;Golett;Ground;Ghost;59;74;50;35;50;35;5;False;303;153;127;92;43
623;Golurk;Ground;Ghost;89;124;80;55;80;55;5;False;483;205;221;153;74
624;Pawniard;Dark;Steel;45;85;70;40;40;60;5;False;340;128;153;113;45
625;Bisharp;Dark;Steel;65;125;100;60;70;70;5;False;490;163;231;175;70
626;Bouffalant;Normal;;95;110;95;40;95;55;5;False;490;216;194;182;75
627;Rufflet;Normal;Flying;70;83;50;37;50;60;5;False;350;172;149;97;50
628;Braviary;Normal;Flying;100;123;75;57;75;80;5;False;510;225;231;151;79
629;Vullaby;Dark;Flying;70;55;75;45;65;60;5;False;370;172;104;138;45
630;Mandibuzz;Dark;Flying;110;65;105;55;95;80;5;False;510;242;128;204;66
631;Heatmor;Fire;;85;97;66;105;66;65;5;False;484;198;203;129;67
632;Durant;Bug;Steel;58;109;112;48;48;109;5;False;484;151;216;187;66
633;Deino;Dark;Dragon;52;65;50;45;50;38;5;False;300;141;115;92;39
634;Zweilous;Dark;Dragon;72;85;70;65;70;58;5;False;420;176;159;135;57
635;Hydreigon;Dark;Dragon;92;105;90;125;90;98;5;False;600;211;256;188;86
636;Larvesta;Bug;Fire;55;85;55;50;55;60;5;False;360;146;156;106;48
637;Volcarona;Bug;Fire;85;60;65;135;105;100;5;False;550;198;263;189;84
638;Cobalion;Steel;Fighting;91;90;129;90;72;108;5;True;580;209;191;229;77
639;Terrakion;Rock;Fighting;91;129;90;72;90;108;5;True;580;209;259;191;86
640;Virizion;Grass;Fighting;91;90;72;90;129;108;5;True;580;209;191;229;77
641;TornadusIncarnate Forme;Flying;;79;115;70;125;80;111;5;True;580;188;265;163;79
641;TornadusTherian Forme;Flying;;79;100;80;110;90;121;5;True;580;188;237;188;78
642;ThundurusIncarnate Forme;Electric;Flying;79;115;70;125;80;111;5;True;580;188;265;163;79
642;ThundurusTherian Forme;Electric;Flying;79;105;70;145;80;101;5;True;580;188;294;160;83
643;Reshiram;Dragon;Fire;100;120;100;150;120;90;5;True;680;225;301;231;101
644;Zekrom;Dragon;Electric;100;150;120;120;100;90;5;True;680;225;301;231;101
645;LandorusIncarnate Forme;Ground;Flying;89;125;90;115;80;101;5;True;600;205;260;181;84
645;LandorusTherian Forme;Ground;Flying;89;145;90;105;80;91;5;True;600;205;288;178;88
646;Kyurem;Dragon;Ice;125;130;90;130;90;95;5;True;660;268;270;187;99
646;KyuremBlack Kyurem;Dragon;Ice;125;170;100;120;90;95;5;True;700;268;340;200;113
646;KyuremWhite Kyurem;Dragon;Ice;125;120;90;170;100;95;5;True;700;268;340;200;113
647;KeldeoOrdinary Forme;Water;Fighting;91;72;90;129;90;108;5;False;580;209;259;191;86
647;KeldeoResolute Forme;Water;Fighting;91;72;90;129;90;108;5;False;580;209;259;191;86
648;MeloettaAria Forme;Normal;Psychic;100;77;77;128;128;90;5;False;600;225;250;224;91
648;MeloettaPirouette Forme;Normal;Fighting;100;128;90;77;77;128;5;False;600;225;269;188;91
649;Genesect;Bug;Steel;71;120;95;120;95;99;5;False;600;174;251;199;78
650;Chespin;Grass;;56;61;65;48;45;38;6;False;313;148;109;106;40
651;Quilladin;Grass;;61;78;95;56;58;57;6;False;405;156;145;156;53
652;Chesnaught;Grass;Fighting;88;107;122;74;75;64;6;False;530;204;201;204;76
653;Fennekin;Fire;;40;45;40;62;60;60;6;False;307;120;116;101;37
654;Braixen;Fire;;59;59;58;90;70;73;6;False;409;153;171;130;54
655;Delphox;Fire;Psychic;75;69;72;114;100;104;6;False;534;181;229;189;75
656;Froakie;Water;;41;56;40;62;44;71;6;False;314;121;121;84;36
657;Frogadier;Water;;54;63;52;83;56;97;6;False;405;144;168;113;50
658;Greninja;Water;Dark;72;95;67;103;71;122;6;False;530;176;223;152;69
659;Bunnelby;Normal;;38;36;38;32;36;57;6;False;237;116;68;71;25
660;Diggersby;Normal;Ground;85;56;77;50;77;78;6;False;423;198;111;154;52
661;Fletchling;Normal;Flying;45;50;43;40;38;62;6;False;278;128;94;80;32
662;Fletchinder;Fire;Flying;62;73;55;56;52;84;6;False;382;158;144;109;48
663;Talonflame;Fire;Flying;78;81;71;74;69;126;6;False;499;186;176;154;63
664;Scatterbug;Bug;;38;35;40;27;25;35;6;False;200;116;62;63;23
665;Spewpa;Bug;;45;22;60;27;30;29;6;False;213;128;47;88;23
666;Vivillon;Bug;Flying;80;52;50;90;50;89;6;False;411;190;175;102;57
667;Litleo;Fire;Normal;62;50;58;73;54;72;6;False;369;158;139;112;48
668;Pyroar;Fire;Normal;86;68;72;109;66;106;6;False;507;200;220;148;73
669;Flabébé;Fairy;;44;38;39;61;79;42;6;False;303;127;108;119;38
670;Floette;Fairy;;54;45;47;75;98;52;6;False;371;144;135;150;48
671;Florges;Fairy;;78;65;68;112;154;75;6;False;552;186;212;243;78
672;Skiddo;Grass;;66;65;48;62;57;52;6;False;350;165;123;102;45
673;Gogoat;Grass;;123;100;62;97;81;68;6;False;531;265;196;145;79
674;Pancham;Fighting;;67;82;62;46;48;43;6;False;348;167;145;106;49
675;Pangoro;Fighting;Dark;95;124;78;69;71;58;6;False;495;216;226;145;76
676;Furfrou;Normal;;75;80;60;65;90;102;6;False;472;181;164;166;61
677;Espurr;Psychic;;62;48;54;63;60;68;6;False;355;158;120;113;44
678;MeowsticMale;Psychic;;74;48;76;83;81;104;6;False;466;179;166;167;61
678;MeowsticFemale;Psychic;;74;48;76;83;81;104;6;False;466;179;166;167;61
679;Honedge;Steel;Ghost;45;80;100;35;37;28;6;False;325;128;134;138;44
680;Doublade;Steel;Ghost;59;110;150;45;49;35;6;False;448;153;187;206;64
681;AegislashBlade Forme;Steel;Ghost;60;150;50;150;50;60;6;False;520;155;291;97;66
681;AegislashShield Forme;Steel;Ghost;60;50;150;50;150;60;6;False;520;155;97;291;50
682;Spritzee;Fairy;;78;52;60;63;65;23;6;False;341;186;110;113;46
683;Aromatisse;Fairy;;101;72;72;99;89;29;6;False;462;226;173;150;69
684;Swirlix;Fairy;;62;48;66;59;57;49;6;False;341;158;109;118;43
685;Slurpuff;Fairy;;82;80;86;85;75;72;6;False;480;193;167;162;64
686;Inkay;Dark;Psychic;53;54;53;37;46;45;6;False;288;142;97;94;36
687;Malamar;Dark;Psychic;86;92;88;68;75;73;6;False;482;200;177;165;67
688;Binacle;Rock;Water;42;52;67;39;56;50;6;False;306;123;95;119;35
689;Barbaracle;Rock;Water;72;105;115;54;86;68;6;False;500;176;194;205;69
690;Skrelp;Poison;Water;50;60;60;60;60;30;6;False;320;137;109;109;39
691;Dragalge;Poison;Dragon;65;75;90;97;123;44;6;False;494;163;176;207;64
692;Clauncher;Water;;50;53;62;58;63;44;6;False;330;137;107;117;39
693;Clawitzer;Water;;71;73;88;120;89;59;6;False;500;174;220;171;70
694;Helioptile;Electric;Normal;44;38;33;61;43;70;6;False;289;127;115;77;35
695;Heliolisk;Electric;Normal;62;55;52;109;94;109;6;False;481;158;218;167;66
696;Tyrunt;Rock;Dragon;58;89;77;45;45;48;6;False;362;151;157;122;51
697;Tyrantrum;Rock;Dragon;82;121;119;69;59;71;6;False;521;193;227;191;77
698;Amaura;Rock;Ice;77;59;50;67;63;46;6;False;362;184;124;109;48
699;Aurorus;Rock;Ice;123;77;72;99;92;58;6;False;521;265;185;163;79
700;Sylveon;Fairy;;95;65;65;110;130;60;6;False;525;216;202;204;78
701;Hawlucha;Fighting;Flying;78;92;75;74;63;118;6;False;500;186;194;153;66
702;Dedenne;Electric;Fairy;67;58;57;81;67;101;6;False;431;167;164;133;56
703;Carbink;Rock;Fairy;50;50;150;50;150;50;6;False;500;137;95;285;46
704;Goomy;Dragon;;45;50;35;55;75;40;6;False;300;128;101;111;36
705;Sliggoo;Dragon;;68;75;53;83;113;60;6;False;452;169;159;175;59
706;Goodra;Dragon;;90;100;70;110;150;80;6;False;600;207;219;242;83
707;Klefki;Steel;Fairy;57;80;91;80;87;75;6;False;470;149;160;179;56
708;Phantump;Ghost;Grass;43;70;48;50;60;38;6;False;309;125;125;102;39
709;Trevenant;Ghost;Grass;85;110;76;65;82;56;6;False;474;198;200;153;69
710;PumpkabooAverage Size;Ghost;Grass;49;66;70;44;55;51;6;False;335;135;120;122;42
710;PumpkabooSmall Size;Ghost;Grass;44;66;70;44;55;56;6;False;335;127;121;123;41
710;PumpkabooLarge Size;Ghost;Grass;54;66;70;44;55;46;6;False;335;144;119;121;43
710;PumpkabooSuper Size;Ghost;Grass;59;66;70;44;55;41;6;False;335;153;117;119;44
711;GourgeistAverage Size;Ghost;Grass;65;90;122;58;75;84;6;False;494;163;175;212;64
711;GourgeistSmall Size;Ghost;Grass;55;85;122;58;75;99;6;False;494;146;171;218;60
711;GourgeistLarge Size;Ghost;Grass;75;95;122;58;75;69;6;False;494;181;178;206;68
711;GourgeistSuper Size;Ghost;Grass;85;100;122;58;75;54;6;False;494;198;181;199;71
712;Bergmite;Ice;;55;69;85;32;35;28;6;False;304;146;116;120;43
713;Avalugg;Ice;;95;117;184;44;46;28;6;False;514;216;195;239;80
714;Noibat;Flying;Dragon;40;30;35;45;40;55;6;False;245;120;82;73;28
715;Noivern;Flying;Dragon;85;70;80;97;80;123;6;False;535;198;205;175;73
716;Xerneas;Fairy;;126;131;95;131;98;99;6;True;680;270;274;203;102
717;Yveltal;Dark;Flying;126;131;95;131;98;99;6;True;680;270;274;203;102
718;Zygarde50% Forme;Dragon;Ground;108;100;121;81;95;95;6;True;600;239;203;231;85
719;Diancie;Rock;Fairy;50;100;150;100;150;50;6;True;600;137;190;285;66
719;DiancieMega Diancie;Rock;Fairy;50;160;110;160;110;110;6;True;700;137;342;235;84
720;HoopaHoopa Confined;Psychic;Ghost;80;110;60;150;130;70;6;True;600;190;287;205;88
720;HoopaHoopa Unbound;Psychic;Dark;80;160;60;170;130;80;6;True;680;190;340;209;96
721;Volcanion;Fire;Water;80;110;120;130;90;70;6;True;600;190;252;215;83
